"2-к квартира, 41.2 м2, 1/2 эт.",950000,23058.25,41.2,"Кремлёвская 200 м, Республика Татарстан, Казань, ул. Стахановская",https://www.avito.ru/kazan/kvartiry/2-k_kvartira_41.2_m_12_et._1638580274,2.0,   Вчера 10:31  
"1-к квартира, 32.4 м2, 2/2 эт.",1150000,35493.83,32.4,"Аметьево, Высокогорский район, Усады",https://www.avito.ru/kazan/kvartiry/1-k_kvartira_32.4_m_22_et._1335869456,2.0,   Вчера 11:11  
"2-к квартира, 43 м2, 2/2 эт.",1490000,34651.16,43.0,"Аметьево 2.7 км, Казань, Республика Татарстан, Авангардная улица, 62к3",https://www.avito.ru/kazan/kvartiry/2-k_kvartira_43_m_22_et._1230746998,2.0,   Вчера 14:17  
"1-к квартира, 45 м2, 2/9 эт.",1600000,35555.56,45.0,"Аметьево 4.7 км, ул. Зур Урам, д. 1к",https://www.avito.ru/kazan/kvartiry/1-k_kvartira_45_m_29_et._495471869,9.0,   Вчера 17:52  
"2-к квартира, 43 м2, 1/2 эт.",1700000,39534.88,43.0,"Площадь Тукая 4.8 км, ул Авангардная дом 62 корпус 1",https://www.avito.ru/kazan/kvartiry/2-k_kvartira_43_m_12_et._1489092483,2.0,   Вчера 13:54  
"1-к квартира, 32.4 м2, 4/9 эт.",1900000,58641.98,32.4,"Суконная слобода 3.9 км, ул Магистральная, 34",https://www.avito.ru/kazan/kvartiry/1-k_kvartira_32.4_m_49_et._1352708235,9.0,   Сегодня 09:21  
"2-к квартира, 48 м2, 2/2 эт.",1900000,39583.33,48.0,"Аметьево, Комсомольская",https://www.avito.ru/kazan/kvartiry/2-k_kvartira_48_m_22_et._1408013937,2.0,   Вчера 12:38  
"1-к квартира, 35.2 м2, 3/3 эт.",1910000,54261.36,35.2,"Горки 5.3 км, Республика Татарстан, Казань, Мамадышский тракт",https://www.avito.ru/kazan/kvartiry/1-k_kvartira_35.2_m_33_et._1147400379,3.0,   Вчера 13:50  
"1-к квартира, 35.4 м2, 2/2 эт.",1930000,54519.77,35.4,"Аметьево 600 м, Аметьевская, 72А",https://www.avito.ru/kazan/kvartiry/1-k_kvartira_35.4_m_22_et._1178064565,2.0,   Вчера 15:06  
"1-к квартира, 35 м2, 3/3 эт.",2000135,57146.71,35.0,"Кремлёвская 200 м, Республика Татарстан, Казань",https://www.avito.ru/kazan/kvartiry/1-k_kvartira_35_m_33_et._1386346910,3.0,   Вчера 20:14  
"1-к квартира, 45.9 м2, 4/9 эт.",2090000,45533.77,45.9,"Аметьево 4.7 км, Академика Губкина 25/3",https://www.avito.ru/kazan/kvartiry/1-k_kvartira_45.9_m_49_et._975223402,9.0,   Вчера 10:38  
"1-к квартира, 33 м2, 5/5 эт.",2100000,63636.36,33.0,"Площадь Тукая 1.2 км, Казань, Республика Татарстан, улица Короленко, 23",https://www.avito.ru/kazan/kvartiry/1-k_kvartira_33_m_55_et._978128113,5.0,   Вчера 11:11  
"1-к квартира, 36 м2, 6/18 эт.",2150000,59722.22,36.0,"Площадь Тукая 500 м, Республика Татарстан, Казань, улица Айрата Арсланова, 6А",https://www.avito.ru/kazan/kvartiry/1-k_kvartira_36_m_618_et._1441226082,18.0,   Вчера 12:42  
"1-к квартира, 42 м2, 9/11 эт.",2300000,54761.9,42.0,"Аметьево 3.2 км, Республика Татарстан, Казань, 33-й Военный городок, 12",https://www.avito.ru/kazan/kvartiry/1-k_kvartira_42_m_911_et._1497900625,11.0,   Вчера 17:43  
"2-к квартира, 42.6 м2, 1/5 эт.",2350000,55164.32,42.6,"Суконная слобода 4.4 км, Республика Татарстан, Казань, Советский район, Пионерская улица, 13",https://www.avito.ru/kazan/kvartiry/2-k_kvartira_42.6_m_15_et._1228649953,5.0,   Вчера 15:04  
"1-к квартира, 33 м2, 8/19 эт.",2403000,72818.18,33.0,"Суконная слобода 3.6 км, ул. Бари Галеева, стр. 2",https://www.avito.ru/kazan/kvartiry/1-k_kvartira_33_m_819_et._1625098236,19.0,   Вчера 11:25  
"1-к квартира, 36.2 м2, 3/5 эт.",2450000,67679.56,36.2,"Суконная слобода 3.6 км, Республика Татарстан, Казань, улица Бари Галеева, 10",https://www.avito.ru/kazan/kvartiry/1-k_kvartira_36.2_m_35_et._1444079121,5.0,   Вчера 17:42  
"1-к квартира, 34 м2, 9/10 эт.",2450000,72058.82,34.0,"Площадь Тукая 600 м, Казань, Республика Татарстан, улица Сабан, 1А",https://www.avito.ru/kazan/kvartiry/1-k_kvartira_34_m_910_et._1649262263,10.0,   Вчера 13:58  
"1-к квартира, 39 м2, 14/14 эт.",2500000,64102.56,39.0,"Горки 5.6 км, Казань, Республика Татарстан, улица Натана Рахлина, 7к2",https://www.avito.ru/kazan/kvartiry/1-k_kvartira_39_m_1414_et._1214095124,14.0,   Вчера 16:12  
"1-к квартира, 45 м2, 3/3 эт.",2550000,56666.67,45.0,"Площадь Тукая 1.1 км, Республика Татарстан, Казань",https://www.avito.ru/kazan/kvartiry/1-k_kvartira_45_m_33_et._1650879483,3.0,   Вчера 18:34  
"1-к квартира, 35.5 м2, 7/10 эт.",2580000,72676.06,35.5,"Горки 5.1 км, Казань, Республика Татарстан, улица Азата Аббасова",https://www.avito.ru/kazan/kvartiry/1-k_kvartira_35.5_m_710_et._1084913021,10.0,   Вчера 15:26  
"1-к квартира, 39.3 м2, 11/23 эт.",2593800,66000.0,39.3,"Аметьево 600 м, ул. Гвардейская, 2 очередь",https://www.avito.ru/kazan/kvartiry/1-k_kvartira_39.3_m_1123_et._1259102883,23.0,   Вчера 11:38  
"1-к квартира, 37.6 м2, 5/10 эт.",2600000,69148.94,37.6,"Суконная слобода 5.3 км, ул. 1-я Азинская, ЖК «Новый Горизонт»",https://www.avito.ru/kazan/kvartiry/1-k_kvartira_37.6_m_510_et._1531787386,10.0,   Вчера 15:11  
"2-к квартира, 45 м2, 4/5 эт.",2600000,57777.78,45.0,"Аметьево 900 м, Казань, Республика Татарстан, улица Курчатова, 11",https://www.avito.ru/kazan/kvartiry/2-k_kvartira_45_m_45_et._1244329031,5.0,   Вчера 13:04  
"1-к квартира, 35 м2, 10/18 эт.",2600000,74285.71,35.0,"Горки 2.5 км, пр. Победы, 4 очередь",https://www.avito.ru/kazan/kvartiry/1-k_kvartira_35_m_1018_et._1532795801,18.0,   Вчера 12:52  
"1-к квартира, 37 м2, 7/14 эт.",2600000,70270.27,37.0,"Аметьево 700 м, Республика Татарстан, Казань, улица Латышских Стрелков, 25",https://www.avito.ru/kazan/kvartiry/1-k_kvartira_37_m_714_et._1638591961,14.0,   Вчера 10:19  
"2-к квартира, 42 м2, 5/5 эт.",2610000,62142.86,42.0,"Площадь Тукая 1.3 км, Казань, Республика Татарстан, Авангардная улица, 60к2",https://www.avito.ru/kazan/kvartiry/2-k_kvartira_42_m_55_et._1610838435,5.0,   Вчера 14:53  
"1-к квартира, 39 м2, 9/22 эт.",2613000,67000.0,39.0,"Аметьево 600 м, ул. Гвардейская, 2 очередь",https://www.avito.ru/kazan/kvartiry/1-k_kvartira_39_m_922_et._1417001458,22.0,   Вчера 10:39  
"1-к квартира, 34 м2, 4/5 эт.",2650000,77941.18,34.0,"Аметьево 300 м, Казань, Республика Татарстан, Даурская улица, 9",https://www.avito.ru/kazan/kvartiry/1-k_kvartira_34_m_45_et._1685579773,5.0,   Вчера 21:52  
"2-к квартира, 47 м2, 3/5 эт.",2650000,56382.98,47.0,"Аметьево 1.6 км, Казань, Республика Татарстан, Военный городок-2, 118",https://www.avito.ru/kazan/kvartiry/2-k_kvartira_47_m_35_et._1166525391,5.0,   Вчера 21:22  
"1-к квартира, 36 м2, 2/25 эт.",2660000,73888.89,36.0,"Горки 700 м, ул. Родины, Дом 1",https://www.avito.ru/kazan/kvartiry/1-k_kvartira_36_m_225_et._1132752210,25.0,   Вчера 15:30  
"1-к квартира, 35 м2, 7/9 эт.",2680000,76571.43,35.0,"Проспект Победы 1.1 км, микрорайон Горки-3, Казань, Республика Татарстан, Дубравная улица, 25Б",https://www.avito.ru/kazan/kvartiry/1-k_kvartira_35_m_79_et._1542537489,9.0,   Вчера 15:27  
"1-к квартира, 37.7 м2, 18/19 эт.",2680000,71087.53,37.7,"Горки 500 м, ул. Родины, Дом 1",https://www.avito.ru/kazan/kvartiry/1-k_kvartira_37.7_m_1819_et._1614350295,19.0,   Вчера 11:28  
"2-к квартира, 43 м2, 1/5 эт.",2700000,62790.7,43.0,"Суконная слобода 4.5 км, ул Журналистов, 5",https://www.avito.ru/kazan/kvartiry/2-k_kvartira_43_m_15_et._1674289934,5.0,   Сегодня 08:25  
"1-к квартира, 34.3 м2, 1/9 эт.",2700000,78717.2,34.3,"Проспект Победы 1.3 км, Республика Татарстан, Казань, микрорайон Горки-3, Дубравная улица, 23",https://www.avito.ru/kazan/kvartiry/1-k_kvartira_34.3_m_19_et._1137997628,9.0,   Вчера 16:07  
"1-к квартира, 44.5 м2, 1/5 эт.",2700000,60674.16,44.5,"Аметьево, Полковая (Высокая Гора) 14",https://www.avito.ru/kazan/kvartiry/1-k_kvartira_44.5_m_15_et._1210749519,5.0,   Вчера 12:38  
"1-к квартира, 34 м2, 7/9 эт.",2730000,80294.12,34.0,"Площадь Тукая 1.2 км, Республика Татарстан, Казань, Вахитовский район, улица Татарстан, 52/72",https://www.avito.ru/kazan/kvartiry/1-k_kvartira_34_m_79_et._1510890418,9.0,   Вчера 21:34  
"1-к квартира, 34 м2, 7/9 эт.",2730000,80294.12,34.0,"Площадь Тукая 1.2 км, Республика Татарстан, Казань, Вахитовский район, улица Татарстан, 52/72",https://www.avito.ru/kazan/kvartiry/1-k_kvartira_34_m_79_et._1510890418,9.0,   Вчера 21:34  
"1-к квартира, 36 м2, 4/10 эт.",2730000,75833.33,36.0,"Горки 5.1 км, Республика Татарстан, Казань, улица Азата Аббасова, 10",https://www.avito.ru/kazan/kvartiry/1-k_kvartira_36_m_410_et._1393521475,10.0,   Вчера 13:20  
"2-к квартира, 43 м2, 5/5 эт.",2750000,63953.49,43.0,"Суконная слобода 1.5 км, ул Красной Позиции, 29",https://www.avito.ru/kazan/kvartiry/2-k_kvartira_43_m_55_et._1008267132,5.0,   Сегодня 08:30  
"1-к квартира, 38 м2, 4/9 эт.",2750000,72368.42,38.0,"Суконная слобода 4.7 км, ул Зур Урам 1",https://www.avito.ru/kazan/kvartiry/1-k_kvartira_38_m_49_et._1378915534,9.0,   Сегодня 07:48  
"1-к квартира, 41 м2, 3/10 эт.",2750000,67073.17,41.0,"Горки 3.3 км, Казань, Республика Татарстан, улица Академика Сахарова, 6",https://www.avito.ru/kazan/kvartiry/1-k_kvartira_41_m_310_et._1558754410,10.0,   Вчера 13:52  
"1-к квартира, 37.8 м2, 3/9 эт.",2770000,73280.42,37.8,"Суконная слобода 5.3 км, ул. 1-я Азинская, ЖК «Новый Горизонт»",https://www.avito.ru/kazan/kvartiry/1-k_kvartira_37.8_m_39_et._1701105149,9.0,   Вчера 18:00  
"1-к квартира, 37 м2, 5/10 эт.",2780000,75135.14,37.0,"Горки 5.1 км, Казань, Республика Татарстан, улица Азата Аббасова, 11",https://www.avito.ru/kazan/kvartiry/1-k_kvartira_37_m_510_et._1111858439,10.0,   Вчера 13:40  
"1-к квартира, 35 м2, 7/9 эт.",2780000,79428.57,35.0,"Горки 3.4 км, Республика Татарстан, Казань, улица Галии Кайбицкой, 2",https://www.avito.ru/kazan/kvartiry/1-k_kvartira_35_m_79_et._1488102359,9.0,   Вчера 11:21  
"2-к квартира, 56 м2, 3/3 эт.",2790000,49821.43,56.0,"Суконная слобода 3 км, Казань, Республика Татарстан, улица Сеченова, 11",https://www.avito.ru/kazan/kvartiry/2-k_kvartira_56_m_33_et._1073380735,3.0,   Вчера 17:43  
"2-к квартира, 53 м2, 3/5 эт.",2790000,52641.51,53.0,"Суконная слобода, Тополевая ул, 2",https://www.avito.ru/kazan/kvartiry/2-k_kvartira_53_m_35_et._1453348588,5.0,   Вчера 15:34  
"1-к квартира, 39 м2, 12/14 эт.",2800000,71794.87,39.0,"Кремлёвская 2.4 км, Республика Татарстан, Казань, микрорайон Адмиралтейская Слобода, Большая улица, 2",https://www.avito.ru/kazan/kvartiry/1-k_kvartira_39_m_1214_et._1334034220,14.0,   Вчера 18:39  
"2-к квартира, 48.6 м2, 5/5 эт.",2800000,57613.17,48.6,"Суконная слобода 3.7 км, Казань, Республика Татарстан, улица Николая Ершова, 78",https://www.avito.ru/kazan/kvartiry/2-k_kvartira_48.6_m_55_et._1555437131,5.0,   Вчера 09:46  
"1-к квартира, 38 м2, 12/19 эт.",2820000,74210.53,38.0,"Горки 500 м, Республика Татарстан, Казань, Советский район",https://www.avito.ru/kazan/kvartiry/1-k_kvartira_38_m_1219_et._1102428926,19.0,   Вчера 11:38  
"1-к квартира, 39.9 м2, 10/12 эт.",2834320,71035.59,39.9,"Горки 2.3 км, Республика Татарстан, Казань, улица Аделя Кутуя",https://www.avito.ru/kazan/kvartiry/1-k_kvartira_39.9_m_1012_et._1146688055,12.0,   Сегодня 08:39  
"1-к квартира, 39.9 м2, 11/12 эт.",2834320,71035.59,39.9,"Горки 2.2 км, ул. Аделя Кутуя, стр. В",https://www.avito.ru/kazan/kvartiry/1-k_kvartira_39.9_m_1112_et._1447341979,12.0,   Вчера 17:06  
"1-к квартира, 40 м2, 8/12 эт.",2835000,70875.0,40.0,"Горки 2.2 км, ул. Аделя Кутуя, стр. В",https://www.avito.ru/kazan/kvartiry/1-k_kvartira_40_m_812_et._1277479561,12.0,   Вчера 17:40  
"2-к квартира, 52 м2, 5/10 эт.",2850000,54807.69,52.0,"Аметьево 2.8 км, Авангардная 143",https://www.avito.ru/kazan/kvartiry/2-k_kvartira_52_m_510_et._843812819,10.0,   Сегодня 08:12  
"1-к квартира, 40 м2, 2/24 эт.",2850000,71250.0,40.0,"Горки 2.4 км, Республика Татарстан, Казань, Советский район, жилой комплекс Победа",https://www.avito.ru/kazan/kvartiry/1-k_kvartira_40_m_224_et._1114176132,24.0,   Вчера 16:09  
"2-к квартира, 43 м2, 5/12 эт.",2850000,66279.07,43.0,"Суконная слобода 3.1 км, Аделя Кутуя улица, 108/1",https://www.avito.ru/kazan/kvartiry/2-k_kvartira_43_m_512_et._1647884911,12.0,   Вчера 15:18  
"1-к квартира, 39.8 м2, 6/9 эт.",2850000,71608.04,39.8,"Горки 3.2 км, улица Академика Сахарова, 13",https://www.avito.ru/kazan/kvartiry/1-k_kvartira_39.8_m_69_et._1174198171,9.0,   Вчера 13:15  
"1-к квартира, 44 м2, 9/10 эт.",2880000,65454.55,44.0,"Аметьево 4.7 км, Казань, Республика Татарстан, улица Зур Урам, 1К",https://www.avito.ru/kazan/kvartiry/1-k_kvartira_44_m_910_et._1600691887,10.0,   Вчера 22:03  
"1-к квартира, 44 м2, 9/10 эт.",2880000,65454.55,44.0,"Аметьево 4.7 км, Казань, Республика Татарстан, улица Зур Урам, 1К",https://www.avito.ru/kazan/kvartiry/1-k_kvartira_44_m_910_et._1600691887,10.0,   Вчера 22:03  
"1-к квартира, 35 м2, 4/10 эт.",2880000,82285.71,35.0,"Горки 5.1 км, Казань, Республика Татарстан, улица Азата Аббасова, 10",https://www.avito.ru/kazan/kvartiry/1-k_kvartira_35_m_410_et._1430779592,10.0,   Вчера 12:31  
"2-к квартира, 44.2 м2, 5/5 эт.",2890000,65384.62,44.2,"Площадь Тукая 2.2 км, ул. Меховщиков д.2а",https://www.avito.ru/kazan/kvartiry/2-k_kvartira_44.2_m_55_et._1370386628,5.0,   Вчера 15:55  
"1-к квартира, 39.8 м2, 8/14 эт.",2890000,72613.07,39.8,"Горки 2.5 км, пр. Победы, д. 139, к. 1",https://www.avito.ru/kazan/kvartiry/1-k_kvartira_39.8_m_814_et._1479685639,14.0,   Вчера 15:47  
"1-к квартира, 41.2 м2, 13/16 эт.",2890000,70145.63,41.2,"Горки 500 м, Республика Татарстан, Казань, Советский район",https://www.avito.ru/kazan/kvartiry/1-k_kvartira_41.2_m_1316_et._1258058065,16.0,   Вчера 12:12  
"1-к квартира, 39 м2, 1/9 эт.",2900000,74358.97,39.0,"Горки 2.8 км, Закиева, 9",https://www.avito.ru/kazan/kvartiry/1-k_kvartira_39_m_19_et._1724419385,9.0,   Вчера 13:48  
"2-к квартира, 43 м2, 2/5 эт.",2900000,67441.86,43.0,"Суконная слобода 1.6 км, Казань, Республика Татарстан, улица Красной Позиции, 29А",https://www.avito.ru/kazan/kvartiry/2-k_kvartira_43_m_25_et._1416024463,5.0,   Вчера 09:36  
"1-к квартира, 41.4 м2, 17/19 эт.",2904600,70159.42,41.4,"Горки 1.3 км, ул. Профессора Камая, д. 10, корп. 1",https://www.avito.ru/kazan/kvartiry/1-k_kvartira_41.4_m_1719_et._1283961066,19.0,   Вчера 23:30  
"1-к квартира, 43 м2, 7/12 эт.",2910480,67685.58,43.0,"Аметьево 2 км, Аделя Кутуя улица, 108/1",https://www.avito.ru/kazan/kvartiry/1-k_kvartira_43_m_712_et._1266306878,12.0,   Вчера 15:18  
"1-к квартира, 41.3 м2, 6/19 эт.",2911000,70484.26,41.3,"Горки 1.3 км, Казань, Республика Татарстан, улица Профессора Камая, 10к2",https://www.avito.ru/kazan/kvartiry/1-k_kvartira_41.3_m_619_et._1255089042,19.0,   Сегодня 07:45  
"1-к квартира, 41.4 м2, 17/19 эт.",2918700,70500.0,41.4,"Горки 1.3 км, Республика Татарстан, Казань, улица Профессора Камая, 10к3",https://www.avito.ru/kazan/kvartiry/1-k_kvartira_41.4_m_1719_et._1403675147,19.0,   Сегодня 08:32  
"1-к квартира, 49 м2, 20/20 эт.",2940000,60000.0,49.0,"Горки 1 км, ул. Мавлютова, стр. 1",https://www.avito.ru/kazan/kvartiry/1-k_kvartira_49_m_2020_et._1118621685,20.0,   Вчера 15:30  
"2-к квартира, 46.7 м2, 4/5 эт.",2945000,63062.1,46.7,"Аметьево 300 м, Казань, Республика Татарстан, Даурская улица, 9",https://www.avito.ru/kazan/kvartiry/2-k_kvartira_46.7_m_45_et._1027325673,5.0,   Вчера 15:44  
"1-к квартира, 41.3 м2, 7/7 эт.",2950000,71428.57,41.3,"Горки 4.4 км, Республика Татарстан, Казань, переулок Дуслык, 6",https://www.avito.ru/kazan/kvartiry/1-k_kvartira_41.3_m_77_et._1519546421,7.0,   Вчера 20:25  
"1-к квартира, 40 м2, 2/24 эт.",2980000,74500.0,40.0,"Горки 2.3 км, пр. Победы, 2 очередь",https://www.avito.ru/kazan/kvartiry/1-k_kvartira_40_m_224_et._1409760621,24.0,   Вчера 11:44  
"1-к квартира, 44 м2, 10/12 эт.",2990000,67954.55,44.0,"Горки 2.3 км, Республика Татарстан, Казань, улица Аделя Кутуя",https://www.avito.ru/kazan/kvartiry/1-k_kvartira_44_m_1012_et._1434839801,12.0,   Сегодня 08:03  
"1-к квартира, 53 м2, 5/5 эт.",2990000,56415.09,53.0,"Горки 7.4 км, Казань, Республика Татарстан, Интернациональная улица, 25А",https://www.avito.ru/kazan/kvartiry/1-k_kvartira_53_m_55_et._1318985603,5.0,   Вчера 14:18  
"1-к квартира, 43.4 м2, 11/12 эт.",2997360,69063.59,43.4,"Горки 2.3 км, Республика Татарстан, Казань, улица Аделя Кутуя",https://www.avito.ru/kazan/kvartiry/1-k_kvartira_43.4_m_1112_et._970989015,12.0,   Сегодня 08:35  
"1-к квартира, 43.4 м2, 10/12 эт.",2997360,69063.59,43.4,"Горки 2.3 км, Республика Татарстан, Казань, улица Аделя Кутуя",https://www.avito.ru/kazan/kvartiry/1-k_kvartira_43.4_m_1012_et._1336852749,12.0,   Сегодня 07:50  
"1-к квартира, 38.5 м2, 5/10 эт.",3000000,77922.08,38.5,"Суконная слобода 4.8 км, ул. Академика Губкина, д. 1",https://www.avito.ru/kazan/kvartiry/1-k_kvartira_38.5_m_510_et._1559837030,10.0,   Вчера 14:59  
"1-к квартира, 46 м2, 3/12 эт.",3043920,66172.17,46.0,"Суконная слобода 3.1 км, ул. Аделя Кутуя, жилые дома",https://www.avito.ru/kazan/kvartiry/1-k_kvartira_46_m_312_et._1572720494,12.0,   Вчера 19:19  
"1-к квартира, 37 м2, 16/24 эт.",3049000,82405.41,37.0,"Аметьево 1 км, Казань, Республика Татарстан, Оренбургский тракт, 8",https://www.avito.ru/kazan/kvartiry/1-k_kvartira_37_m_1624_et._1639948888,24.0,   Вчера 17:27  
"2-к квартира, 48.3 м2, 5/5 эт.",3070000,63561.08,48.3,"Площадь Тукая 1.6 км, ул Карима Тинчурина, 23",https://www.avito.ru/kazan/kvartiry/2-k_kvartira_48.3_m_55_et._1681095434,5.0,   Сегодня 08:37  
"1-к квартира, 43.6 м2, 6/19 эт.",3073000,70481.65,43.6,"Горки 1.3 км, ул. Профессора Камая, д. 10, к. 2",https://www.avito.ru/kazan/kvartiry/1-k_kvartira_43.6_m_619_et._1569533547,19.0,   Вчера 13:07  
"2-к квартира, 48 м2, 1/12 эт.",3080000,64166.67,48.0,"Горки 2.2 км, Республика Татарстан, Казань, Советский район",https://www.avito.ru/kazan/kvartiry/2-k_kvartira_48_m_112_et._1300592005,12.0,   Вчера 14:03  
"2-к квартира, 46 м2, 2/5 эт.",3090000,67173.91,46.0,"Площадь Тукая 1.2 км, Республика Татарстан, Казань, улица Сары Садыковой",https://www.avito.ru/kazan/kvartiry/2-k_kvartira_46_m_25_et._1155683859,5.0,   Вчера 17:40  
"1-к квартира, 43 м2, 1/9 эт.",3090000,71860.47,43.0,"Кремлёвская 3.6 км, Республика Татарстан, Казань, микрорайон Адмиралтейская Слобода, Большая улица, 108А",https://www.avito.ru/kazan/kvartiry/1-k_kvartira_43_m_19_et._1303574155,9.0,   Вчера 10:01  
"1-к квартира, 45 м2, 5/18 эт.",3090000,68666.67,45.0,"Площадь Тукая 700 м, Республика Татарстан, Казань, улица Тыныч, 3",https://www.avito.ru/kazan/kvartiry/1-k_kvartira_45_m_518_et._1306590524,18.0,   Вчера 09:50  
"1-к квартира, 43.5 м2, 12/16 эт.",3099000,71241.38,43.5,"Аметьево 1 км, Оренбургский тракт, стр. 3",https://www.avito.ru/kazan/kvartiry/1-k_kvartira_43.5_m_1216_et._1135367007,16.0,   Вчера 12:08  
"2-к квартира, 46 м2, 4/5 эт.",3100000,67391.3,46.0,"Суконная слобода 4 км, Казань, Республика Татарстан, улица Космонавтов, 7",https://www.avito.ru/kazan/kvartiry/2-k_kvartira_46_m_45_et._1623215015,5.0,   Вчера 18:27  
"1-к квартира, 43.5 м2, 8/14 эт.",3100000,71264.37,43.5,"Горки 3.4 км, Казань, Республика Татарстан, улица Академика Сахарова, 20",https://www.avito.ru/kazan/kvartiry/1-k_kvartira_43.5_m_814_et._1303470937,14.0,   Вчера 18:03  
"2-к квартира, 46 м2, 4/5 эт.",3100000,67391.3,46.0,"Суконная слобода 4 км, Казань, Республика Татарстан, улица Космонавтов, 7",https://www.avito.ru/kazan/kvartiry/2-k_kvartira_46_m_45_et._1623215015,5.0,   Вчера 18:27  
"1-к квартира, 43 м2, 9/12 эт.",3100000,72093.02,43.0,"Горки 2.8 км, микрорайон Азино-1, Казань, Республика Татарстан, улица Закиева, 5",https://www.avito.ru/kazan/kvartiry/1-k_kvartira_43_m_912_et._975941918,12.0,   Вчера 16:04  
"1-к квартира, 34 м2, 3/5 эт.",3100000,91176.47,34.0,"Суконная слобода 900 м, Казань, Республика Татарстан, улица Рабочей Молодежи, 11",https://www.avito.ru/kazan/kvartiry/1-k_kvartira_34_m_35_et._1083245791,5.0,   Вчера 16:01  
"1-к квартира, 44 м2, 5/10 эт.",3100000,70454.55,44.0,"Суконная слобода 4.8 км, ул. Академика Губкина, д. 1",https://www.avito.ru/kazan/kvartiry/1-k_kvartira_44_m_510_et._1662418810,10.0,   Вчера 15:00  
"1-к квартира, 42 м2, 11/19 эт.",3100000,73809.52,42.0,"Горки 4 км, Казань, Республика Татарстан, проспект Победы, 184",https://www.avito.ru/kazan/kvartiry/1-k_kvartira_42_m_1119_et._1460967908,19.0,   Вчера 13:55  
"1-к квартира, 43 м2, 9/12 эт.",3100000,72093.02,43.0,"Горки 2.8 км, микрорайон Азино-1, Казань, Республика Татарстан, улица Закиева, 5",https://www.avito.ru/kazan/kvartiry/1-k_kvartira_43_m_912_et._975941918,12.0,   Вчера 16:04  
"1-к квартира, 40.5 м2, 10/23 эт.",3150000,77777.78,40.5,"Горки 2.3 км, Республика Татарстан, Казань, проспект Победы, 139к3",https://www.avito.ru/kazan/kvartiry/1-k_kvartira_40.5_m_1023_et._946173701,23.0,   Вчера 13:21  
"1-к квартира, 43.2 м2, 12/26 эт.",3150000,72916.67,43.2,"Аметьево 500 м, ул. Отрадная, 2 очередь",https://www.avito.ru/kazan/kvartiry/1-k_kvartira_43.2_m_1226_et._997363311,26.0,   Вчера 10:46  
"1-к квартира, 36 м2, 1/9 эт.",3150000,87500.0,36.0,"Проспект Победы 1.5 км, Республика Татарстан, Казань, микрорайон Горки-3, Дубравная улица, 28А",https://www.avito.ru/kazan/kvartiry/1-k_kvartira_36_m_19_et._1092534775,9.0,   Вчера 10:16  
"2-к квартира, 47 м2, 12/19 эт.",3153000,67085.11,47.0,"Горки 4.5 км, Республика Татарстан, Казань, Аграрная улица",https://www.avito.ru/kazan/kvartiry/2-k_kvartira_47_m_1219_et._1486948807,19.0,   Сегодня 08:45  
"1-к квартира, 46 м2, 4/19 эт.",3170000,68913.04,46.0,"Аметьево 500 м, Республика Татарстан, Казань, жилой комплекс Голливуд",https://www.avito.ru/kazan/kvartiry/1-k_kvartira_46_m_419_et._1452967408,19.0,   Сегодня 09:09  
"2-к квартира, 40 м2, 15/19 эт.",3190000,79750.0,40.0,"Аметьево 600 м, Республика Татарстан, Казань, жилой комплекс Голливуд",https://www.avito.ru/kazan/kvartiry/2-k_kvartira_40_m_1519_et._1681282873,19.0,   Вчера 19:36  
"1-к квартира, 36 м2, 4/5 эт.",3199000,88861.11,36.0,"Кремлёвская, Поселковая 29",https://www.avito.ru/kazan/kvartiry/1-k_kvartira_36_m_45_et._1483699298,5.0,   Вчера 13:56  
"2-к квартира, 43.2 м2, 9/9 эт.",3199000,74050.93,43.2,"Суконная слобода 400 м, Казань, Республика Татарстан, Бойничная улица, 8",https://www.avito.ru/kazan/kvartiry/2-k_kvartira_43.2_m_99_et._1259176468,9.0,   Вчера 11:07  
"1-к квартира, 40 м2, 10/16 эт.",3200000,80000.0,40.0,"Горки 2.5 км, Республика Татарстан, Казань, проспект Победы, 139к1",https://www.avito.ru/kazan/kvartiry/1-k_kvartira_40_m_1016_et._1703659511,16.0,   Вчера 19:58  
"1-к квартира, 45 м2, 2/10 эт.",3280000,72888.89,45.0,"Горки 5 км, Мамадышский тракт улица, стр. 10",https://www.avito.ru/kazan/kvartiry/1-k_kvartira_45_m_210_et._1177426947,10.0,   Вчера 15:18  
"1-к квартира, 50 м2, 13/19 эт.",3290000,65800.0,50.0,"Горки 3.8 км, Казань, Республика Татарстан, улица Академика Глушко, 39",https://www.avito.ru/kazan/kvartiry/1-k_kvartira_50_m_1319_et._1400808155,19.0,   Вчера 23:55  
"2-к квартира, 35.5 м2, 2/4 эт.",3300000,92957.75,35.5,"Площадь Тукая 600 м, Республика Татарстан, Казань, Катановский переулок, 2",https://www.avito.ru/kazan/kvartiry/2-k_kvartira_35.5_m_24_et._1560476494,4.0,   Вчера 15:54  
"1-к квартира, 42 м2, 13/22 эт.",3300000,78571.43,42.0,"Аметьево 700 м, Казань, Республика Татарстан, Отрадная улица",https://www.avito.ru/kazan/kvartiry/1-k_kvartira_42_m_1322_et._1472503037,22.0,   Вчера 10:47  
"1-к квартира, 47 м2, 9/10 эт.",3320000,70638.3,47.0,"Горки 1.3 км, Республика Татарстан, Казань, улица Хусаина Мавлютова, 44",https://www.avito.ru/kazan/kvartiry/1-k_kvartira_47_m_910_et._1458106695,10.0,   Вчера 16:39  
"1-к квартира, 45 м2, 14/16 эт.",3320000,73777.78,45.0,"Горки 3.7 км, Казань, Республика Татарстан, улица Академика Глушко, 49",https://www.avito.ru/kazan/kvartiry/1-k_kvartira_45_m_1416_et._1269604889,16.0,   Вчера 15:03  
"1-к квартира, 43 м2, 13/22 эт.",3350000,77906.98,43.0,"Аметьево 2.8 км, ул. Патриса Лумумбы, стр. 6.19",https://www.avito.ru/kazan/kvartiry/1-k_kvartira_43_m_1322_et._1411831971,22.0,   Вчера 14:26  
"1-к квартира, 40 м2, 2/19 эт.",3350000,83750.0,40.0,"Площадь Тукая 900 м, Казань, Республика Татарстан, Роторная улица, 27Б",https://www.avito.ru/kazan/kvartiry/1-k_kvartira_40_m_219_et._614036361,19.0,   Вчера 11:18  
"1-к квартира, 43 м2, 13/22 эт.",3350000,77906.98,43.0,"Аметьево 2.8 км, ул. Патриса Лумумбы, стр. 6.19",https://www.avito.ru/kazan/kvartiry/1-k_kvartira_43_m_1322_et._1411831971,22.0,   Вчера 14:26  
"1-к квартира, 40 м2, 2/19 эт.",3350000,83750.0,40.0,"Суконная слобода 1.2 км, Республика Татарстан, Казань, улица Павлюхина, 128",https://www.avito.ru/kazan/kvartiry/1-k_kvartira_40_m_219_et._1442577988,19.0,   Вчера 10:01  
"2-к квартира, 45.5 м2, 12/19 эт.",3363000,73912.09,45.5,"Суконная слобода 3.7 км, ул. Бари Галеева, стр. 1",https://www.avito.ru/kazan/kvartiry/2-k_kvartira_45.5_m_1219_et._1544271655,19.0,   Сегодня 08:12  
"1-к квартира, 40.7 м2, 2/9 эт.",3400000,83538.08,40.7,"Аметьево 600 м, Казань, Республика Татарстан, Отрадная улица, 15",https://www.avito.ru/kazan/kvartiry/1-k_kvartira_40.7_m_29_et._1646304325,9.0,   Вчера 13:38  
"2-к квартира, 51.2 м2, 14/17 эт.",3422420,66844.14,51.2,"Горки 4.6 км, Республика Татарстан, Казань, проспект Победы",https://www.avito.ru/kazan/kvartiry/2-k_kvartira_51.2_m_1417_et._1562450514,17.0,   Сегодня 09:21  
"1-к квартира, 36.5 м2, 8/19 эт.",3430000,93972.6,36.5,"Суконная слобода 3.4 км, ул. Николая Ершова, д. 64б",https://www.avito.ru/kazan/kvartiry/1-k_kvartira_36.5_m_819_et._1443853357,19.0,   Вчера 11:25  
"1-к квартира, 37 м2, 4/10 эт.",3440000,92972.97,37.0,"Кремлёвская 4.8 км, ул. Николая Ершова, д. 64б",https://www.avito.ru/kazan/kvartiry/1-k_kvartira_37_m_410_et._877613211,10.0,   Вчера 15:14  
"1-к квартира, 36.5 м2, 6/10 эт.",3440000,94246.58,36.5,"Суконная слобода 3.4 км, ул. Николая Ершова, д. 64б",https://www.avito.ru/kazan/kvartiry/1-k_kvartira_36.5_m_610_et._1402904746,10.0,   Вчера 12:29  
"2-к квартира, 51 м2, 10/12 эт.",3445810,67564.9,51.0,"Аметьево, Аделя Кутуя улица, 108/1",https://www.avito.ru/kazan/kvartiry/2-k_kvartira_51_m_1012_et._1426742154,12.0,   Вчера 19:19  
"2-к квартира, 51 м2, 8/12 эт.",3445810,67564.9,51.0,"Аметьево 2.4 км, ул. Аделя Кутуя, жилые дома",https://www.avito.ru/kazan/kvartiry/2-k_kvartira_51_m_812_et._1107293993,12.0,   Вчера 15:18  
"2-к квартира, 51 м2, 7/12 эт.",3445810,67564.9,51.0,"Аметьево, Аделя Кутуя улица, 108/1",https://www.avito.ru/kazan/kvartiry/2-k_kvartira_51_m_712_et._1537826046,12.0,   Вчера 15:18  
"1-к квартира, 36.7 м2, 3/10 эт.",3450000,94005.45,36.7,"Суконная слобода 2.4 км, Казань, Республика Татарстан, улица Николая Ершова",https://www.avito.ru/kazan/kvartiry/1-k_kvartira_36.7_m_310_et._1400471976,10.0,   Вчера 15:26  
"1-к квартира, 36 м2, 7/10 эт.",3452000,95888.89,36.0,"Суконная слобода 3.4 км, ул. Николая Ершова, д. 64б",https://www.avito.ru/kazan/kvartiry/1-k_kvartira_36_m_710_et._1658706267,10.0,   Вчера 19:19  
"2-к квартира, 54 м2, 1/18 эт.",3460000,64074.07,54.0,"Горки 3.9 км, Республика Татарстан, Казань, улица Тыныч, 3",https://www.avito.ru/kazan/kvartiry/2-k_kvartira_54_m_118_et._1408386947,18.0,   Вчера 13:24  
"2-к квартира, 58 м2, 7/9 эт.",3480000,60000.0,58.0,"Горки 3.2 км, микрорайон Азино-1, Казань, Республика Татарстан, улица Закиева, 41",https://www.avito.ru/kazan/kvartiry/2-k_kvartira_58_m_79_et._1620024835,9.0,   Вчера 15:03  
"2-к квартира, 49 м2, 6/9 эт.",3490000,71224.49,49.0,"Горки 5.1 км, Казань, Республика Татарстан, улица Хусаина Мавлютова, 21",https://www.avito.ru/kazan/kvartiry/2-k_kvartira_49_m_69_et._1444146636,9.0,   Сегодня 09:27  
"2-к квартира, 45.4 м2, 1/5 эт.",3490000,76872.25,45.4,"Площадь Тукая 1.3 км, ул. Татарстан д. 62",https://www.avito.ru/kazan/kvartiry/2-k_kvartira_45.4_m_15_et._1245728753,5.0,   Вчера 17:26  
"1-к квартира, 40 м2, 2/9 эт.",3500000,87500.0,40.0,"Площадь Тукая 2.3 км, ул Меховщиков4",https://www.avito.ru/kazan/kvartiry/1-k_kvartira_40_m_29_et._1009513556,9.0,   Вчера 20:18  
"2-к квартира, 56.3 м2, 19/23 эт.",3546900,63000.0,56.3,"Аметьево 600 м, ул. Гвардейская, 2 очередь",https://www.avito.ru/kazan/kvartiry/2-k_kvartira_56.3_m_1923_et._1529886768,23.0,   Вчера 13:04  
"2-к квартира, 51.4 м2, 6/12 эт.",3548670,69040.27,51.4,"Горки 2.3 км, Республика Татарстан, Казань, улица Аделя Кутуя",https://www.avito.ru/kazan/kvartiry/2-k_kvartira_51.4_m_612_et._1538056603,12.0,   Сегодня 08:15  
"2-к квартира, 51 м2, 5/10 эт.",3548670,69581.76,51.0,"Суконная слобода 3.1 км, ул. Аделя Кутуя, жилые дома",https://www.avito.ru/kazan/kvartiry/2-k_kvartira_51_m_510_et._1508624455,10.0,   Вчера 19:19  
"1-к квартира, 48 м2, 11/14 эт.",3550000,73958.33,48.0,"Горки 2.2 км, Казань, Республика Татарстан, проспект Победы, 78",https://www.avito.ru/kazan/kvartiry/1-k_kvartira_48_m_1114_et._1302325379,14.0,   Вчера 18:13  
"2-к квартира, 47 м2, 2/5 эт.",3550000,75531.91,47.0,"Суконная слобода 5.2 км, Казань, Республика Татарстан, улица Академика Арбузова, 46/12",https://www.avito.ru/kazan/kvartiry/2-k_kvartira_47_m_25_et._1413497591,5.0,   Вчера 17:21  
"1-к квартира, 48 м2, 11/14 эт.",3550000,73958.33,48.0,"Горки 2.2 км, Казань, Республика Татарстан, проспект Победы, 78",https://www.avito.ru/kazan/kvartiry/1-k_kvartira_48_m_1114_et._1302325379,14.0,   Вчера 18:13  
"1-к квартира, 38 м2, 2/10 эт.",3550000,93421.05,38.0,"Аметьево 900 м, Республика Татарстан, Казань, улица Аметьевская Магистраль, 6",https://www.avito.ru/kazan/kvartiry/1-k_kvartira_38_m_210_et._1565328075,10.0,   Вчера 14:45  
"1-к квартира, 38 м2, 2/10 эт.",3550000,93421.05,38.0,"Аметьево 900 м, Республика Татарстан, Казань, улица Аметьевская Магистраль, 6",https://www.avito.ru/kazan/kvartiry/1-k_kvartira_38_m_210_et._1565328075,10.0,   Вчера 14:45  
"1-к квартира, 36.4 м2, 4/10 эт.",3560000,97802.2,36.4,"Суконная слобода 3.4 км, ул. Николая Ершова, д. 64б",https://www.avito.ru/kazan/kvartiry/1-k_kvartira_36.4_m_410_et._1474257588,10.0,   Вчера 23:55  
"1-к квартира, 36.5 м2, 4/10 эт.",3590000,98356.16,36.5,"Суконная слобода 3.3 км, Октябрьский городок, Казань, Республика Татарстан, жилой комплекс Арт Сити",https://www.avito.ru/kazan/kvartiry/1-k_kvartira_36.5_m_410_et._943215222,10.0,   Вчера 18:20  
"1-к квартира, 36 м2, 4/10 эт.",3590000,99722.22,36.0,"Суконная слобода 3.2 км, Николая Ершова улица, 10",https://www.avito.ru/kazan/kvartiry/1-k_kvartira_36_m_410_et._1654329426,10.0,   Вчера 17:19  
"1-к квартира, 36.5 м2, 4/10 эт.",3590000,98356.16,36.5,"Суконная слобода 3.3 км, Октябрьский городок, Казань, Республика Татарстан, жилой комплекс Арт Сити",https://www.avito.ru/kazan/kvartiry/1-k_kvartira_36.5_m_410_et._943215222,10.0,   Вчера 18:20  
"2-к квартира, 51.2 м2, 8/17 эт.",3599000,70292.97,51.2,"Горки 4.8 км, Казань, Республика Татарстан, Дорожный переулок",https://www.avito.ru/kazan/kvartiry/2-k_kvartira_51.2_m_817_et._1201275503,17.0,   Вчера 14:39  
"1-к квартира, 46 м2, 19/23 эт.",3600000,78260.87,46.0,"Аметьево 2.8 км, Республика Татарстан, Казань, жилой комплекс Казань XXI Век",https://www.avito.ru/kazan/kvartiry/1-k_kvartira_46_m_1923_et._1088845439,23.0,   Вчера 21:34  
"1-к квартира, 51 м2, 3/16 эт.",3600000,70588.24,51.0,"Площадь Тукая 1.1 км, Республика Татарстан, Казань",https://www.avito.ru/kazan/kvartiry/1-k_kvartira_51_m_316_et._1178614755,16.0,   Вчера 17:47  
"1-к квартира, 51 м2, 3/16 эт.",3600000,70588.24,51.0,"Площадь Тукая 1.1 км, Республика Татарстан, Казань",https://www.avito.ru/kazan/kvartiry/1-k_kvartira_51_m_316_et._1178614755,16.0,   Вчера 17:47  
"2-к квартира, 56 м2, 4/4 эт.",3635000,64910.71,56.0,"Площадь Тукая 1.3 км, Казань, Республика Татарстан, улица Исмаила Гаспринского, 29",https://www.avito.ru/kazan/kvartiry/2-k_kvartira_56_m_44_et._1149786792,4.0,   Сегодня 08:04  
"2-к квартира, 56 м2, 4/4 эт.",3635000,64910.71,56.0,"Площадь Тукая 1.3 км, Казань, Республика Татарстан, улица Исмаила Гаспринского, 29",https://www.avito.ru/kazan/kvartiry/2-k_kvartira_56_m_44_et._1149786792,4.0,   Сегодня 08:04  
"1-к квартира, 42 м2, 9/10 эт.",3650000,86904.76,42.0,"Горки 5.1 км, ул. Аббасова, д. 10",https://www.avito.ru/kazan/kvartiry/1-k_kvartira_42_m_910_et._1519326419,10.0,   Вчера 17:38  
"1-к квартира, 42 м2, 9/10 эт.",3650000,86904.76,42.0,"Горки 5 км, Республика Татарстан, Казань, жилой комплекс Весна",https://www.avito.ru/kazan/kvartiry/1-k_kvartira_42_m_910_et._1420155864,10.0,   Вчера 16:12  
"1-к квартира, 39 м2, 11/16 эт.",3661782,93891.85,39.0,"Аметьево 1 км, Оренбургский Тракт улица, 8",https://www.avito.ru/kazan/kvartiry/1-k_kvartira_39_m_1116_et._1541677933,16.0,   Вчера 15:18  
"2-к квартира, 55 м2, 18/19 эт.",3680000,66909.09,55.0,"Горки 400 м, Республика Татарстан, Казань, Советский район",https://www.avito.ru/kazan/kvartiry/2-k_kvartira_55_m_1819_et._1121664734,19.0,   Вчера 11:38  
"2-к квартира, 52 м2, 6/10 эт.",3690000,70961.54,52.0,"Горки 5.1 км, Казань, Республика Татарстан, улица Азата Аббасова",https://www.avito.ru/kazan/kvartiry/2-k_kvartira_52_m_610_et._1218493366,10.0,   Вчера 15:26  
"1-к квартира, 44 м2, 2/9 эт.",3700000,84090.91,44.0,"Суконная слобода 3.7 км, Казань, Республика Татарстан, улица Космонавтов, 42А",https://www.avito.ru/kazan/kvartiry/1-k_kvartira_44_m_29_et._1417440223,9.0,   Вчера 16:38  
"1-к квартира, 54 м2, 2/3 эт.",3700000,68518.52,54.0,"Площадь Тукая 300 м, Пушкина ул, 14",https://www.avito.ru/kazan/kvartiry/1-k_kvartira_54_m_23_et._1532735297,3.0,   Вчера 15:12  
"2-к квартира, 54 м2, 7/9 эт.",3720000,68888.89,54.0,"Горки 3.2 км, ул Академика Сахарова, 31",https://www.avito.ru/kazan/kvartiry/2-k_kvartira_54_m_79_et._1644300490,9.0,   Сегодня 08:28  
"2-к квартира, 54 м2, 2/10 эт.",3720000,68888.89,54.0,"Горки 5.1 км, Казань, Республика Татарстан, жилой комплекс Весна",https://www.avito.ru/kazan/kvartiry/2-k_kvartira_54_m_210_et._580118028,10.0,   Вчера 18:56  
"2-к квартира, 54 м2, 2/10 эт.",3720000,68888.89,54.0,"Горки 5.1 км, Казань, Республика Татарстан, жилой комплекс Весна",https://www.avito.ru/kazan/kvartiry/2-k_kvartira_54_m_210_et._580118028,10.0,   Вчера 18:56  
"1-к квартира, 45 м2, 8/18 эт.",3749000,83311.11,45.0,"Горки 1.2 км, Республика Татарстан, Казань, улица Профессора Камая, 8А",https://www.avito.ru/kazan/kvartiry/1-k_kvartira_45_m_818_et._1319251520,18.0,   Вчера 14:01  
"2-к квартира, 56.5 м2, 8/16 эт.",3750000,66371.68,56.5,"Горки 2.5 км, пр. Победы, 4 очередь",https://www.avito.ru/kazan/kvartiry/2-k_kvartira_56.5_m_816_et._997018295,16.0,   Вчера 19:37  
"2-к квартира, 63.3 м2, 8/14 эт.",3750000,59241.71,63.3,"Горки 2.3 км, пр. Победы, 2 очередь",https://www.avito.ru/kazan/kvartiry/2-k_kvartira_63.3_m_814_et._1054905412,14.0,   Вчера 19:15  
"2-к квартира, 60 м2, 5/5 эт.",3750000,62500.0,60.0,"Суконная слобода 2.2 км, Казань, Республика Татарстан, улица Абжалилова, 21",https://www.avito.ru/kazan/kvartiry/2-k_kvartira_60_m_55_et._1280907502,5.0,   Вчера 13:33  
"1-к квартира, 44.3 м2, 9/10 эт.",3750000,84650.11,44.3,"Площадь Тукая 900 м, Казань, Республика Татарстан, улица Четаева, 28А",https://www.avito.ru/kazan/kvartiry/1-k_kvartira_44.3_m_910_et._1536569011,10.0,   Вчера 12:30  
"1-к квартира, 38.9 м2, 2/10 эт.",3750000,96401.03,38.9,"Суконная слобода 3.2 км, Республика Татарстан, Казань, улица Николая Ершова, 62Д",https://www.avito.ru/kazan/kvartiry/1-k_kvartira_38.9_m_210_et._1066348088,10.0,   Вчера 12:29  
"1-к квартира, 46.9 м2, 7/10 эт.",3750000,79957.36,46.9,"Суконная слобода 600 м, Спартаковская улица, 84",https://www.avito.ru/kazan/kvartiry/1-k_kvartira_46.9_m_710_et._950193169,10.0,   Вчера 10:39  
"2-к квартира, 49 м2, 5/5 эт.",3780000,77142.86,49.0,"Площадь Тукая 1.1 км, Казань, Республика Татарстан, улица Нариманова, 50",https://www.avito.ru/kazan/kvartiry/2-k_kvartira_49_m_55_et._1444133993,5.0,   Вчера 12:12  
"2-к квартира, 50.9 м2, 25/26 эт.",3799000,74636.54,50.9,"Аметьево 500 м, ул. Отрадная, 2 очередь",https://www.avito.ru/kazan/kvartiry/2-k_kvartira_50.9_m_2526_et._1578831794,26.0,   Вчера 20:30  
"2-к квартира, 50.9 м2, 25/26 эт.",3799000,74636.54,50.9,"Аметьево 500 м, ул. Отрадная, 2 очередь",https://www.avito.ru/kazan/kvartiry/2-k_kvartira_50.9_m_2526_et._1578831794,26.0,   Вчера 20:30  
"2-к квартира, 54 м2, 5/10 эт.",3800000,70370.37,54.0,"Горки 5.2 км, Республика Татарстан, Казань, жилой комплекс Весна",https://www.avito.ru/kazan/kvartiry/2-k_kvartira_54_m_510_et._1611537882,10.0,   Вчера 11:12  
"2-к квартира, 56 м2, 3/10 эт.",3810000,68035.71,56.0,"Горки 5.1 км, Казань, Республика Татарстан, улица Азата Аббасова, 11",https://www.avito.ru/kazan/kvartiry/2-k_kvartira_56_m_310_et._1226840960,10.0,   Вчера 14:19  
"1-к квартира, 42.3 м2, 11/18 эт.",3850000,91016.55,42.3,"Горки 2.5 км, пр-т Альберта Камалеева, стр. 6/11",https://www.avito.ru/kazan/kvartiry/1-k_kvartira_42.3_m_1118_et._880349745,18.0,   Вчера 17:56  
"2-к квартира, 52.5 м2, 9/10 эт.",3900000,74285.71,52.5,"Горки 700 м, ул. Родины, Дом 2",https://www.avito.ru/kazan/kvartiry/2-k_kvartira_52.5_m_910_et._1524737746,10.0,   Вчера 11:15  
"2-к квартира, 54 м2, 6/10 эт.",3900000,72222.22,54.0,"Горки 5.1 км, Республика Татарстан, Казань, улица Азата Аббасова, с10",https://www.avito.ru/kazan/kvartiry/2-k_kvartira_54_m_610_et._1516222892,10.0,   Вчера 11:09  
"1-к квартира, 39.5 м2, 4/12 эт.",3910500,99000.0,39.5,"Суконная слобода 700 м, ул Тихомирнова, 1",https://www.avito.ru/kazan/kvartiry/1-k_kvartira_39.5_m_412_et._1156060205,12.0,   Вчера 17:17  
"1-к квартира, 42 м2, 8/10 эт.",3920000,93333.33,42.0,"Суконная слобода 3.2 км, Республика Татарстан, Казань, улица Николая Ершова, 62Д",https://www.avito.ru/kazan/kvartiry/1-k_kvartira_42_m_810_et._1235067596,10.0,   Вчера 12:48  
"2-к квартира, 54 м2, 1/16 эт.",3970000,73518.52,54.0,"Горки 5 км, Казань, Республика Татарстан, улица Зур Урам, 1",https://www.avito.ru/kazan/kvartiry/2-k_kvartira_54_m_116_et._1460552426,16.0,   Сегодня 07:34  
"2-к квартира, 65.3 м2, 9/16 эт.",3980000,60949.46,65.3,"Горки 2.5 км, ул. Проспект Победы, д. 139, Ж. К. Победа 2 очередь",https://www.avito.ru/kazan/kvartiry/2-k_kvartira_65.3_m_916_et._1153353896,16.0,   Вчера 13:18  
"2-к квартира, 65 м2, 1/12 эт.",3996000,61476.92,65.0,"Горки 2.2 км, Республика Татарстан, Казань, Советский район",https://www.avito.ru/kazan/kvartiry/2-k_kvartira_65_m_112_et._1691027278,12.0,   Вчера 13:52  
"2-к квартира, 66.5 м2, 7/19 эт.",3997000,60105.26,66.5,"Горки 1.3 км, Казань, Республика Татарстан, улица Профессора Камая, 10к2",https://www.avito.ru/kazan/kvartiry/2-k_kvartira_66.5_m_719_et._1491936221,19.0,   Сегодня 06:59  
"2-к квартира, 52 м2, 8/16 эт.",4000000,76923.08,52.0,"Аметьево 2.8 км, Республика Татарстан, Казань, жилой комплекс Казань XXI Век",https://www.avito.ru/kazan/kvartiry/2-k_kvartira_52_m_816_et._943771278,16.0,   Вчера 19:23  
"2-к квартира, 52 м2, 8/16 эт.",4000000,76923.08,52.0,"Аметьево 2.8 км, Республика Татарстан, Казань, жилой комплекс Казань XXI Век",https://www.avito.ru/kazan/kvartiry/2-k_kvartira_52_m_816_et._943771278,16.0,   Вчера 19:23  
"2-к квартира, 64 м2, 7/16 эт.",4000000,62500.0,64.0,"Горки 2.3 км, пр. Победы, 2 очередь",https://www.avito.ru/kazan/kvartiry/2-k_kvartira_64_m_716_et._1408528111,16.0,   Вчера 16:06  
"2-к квартира, 54 м2, 7/10 эт.",4000000,74074.07,54.0,"Горки 5.4 км, Республика Татарстан, Казань, улица Фикрята Табеева, 5",https://www.avito.ru/kazan/kvartiry/2-k_kvartira_54_m_710_et._1138759069,10.0,   Вчера 12:49  
"1-к квартира, 43 м2, 1/10 эт.",4000000,93023.26,43.0,"Суконная слобода 2.8 км, Казань, Республика Татарстан, Курская улица, 23",https://www.avito.ru/kazan/kvartiry/1-k_kvartira_43_m_110_et._1465228565,10.0,   Вчера 09:45  
"2-к квартира, 66.6 м2, 4/19 эт.",4015980,60300.0,66.6,"Горки 1.3 км, ул. Профессора Камая, д. 10, корп. 2",https://www.avito.ru/kazan/kvartiry/2-k_kvartira_66.6_m_419_et._1226077389,19.0,   Вчера 11:01  
"2-к квартира, 67.1 м2, 15/19 эт.",4046130,60300.0,67.1,"Горки 1.1 км, Республика Татарстан, Казань, улица Профессора Камая",https://www.avito.ru/kazan/kvartiry/2-k_kvartira_67.1_m_1519_et._1722126446,19.0,   Вчера 13:10  
"2-к квартира, 51.1 м2, 5/10 эт.",4100000,80234.83,51.1,"Площадь Тукая 1.2 км, ул. Татарстан д. 13",https://www.avito.ru/kazan/kvartiry/2-k_kvartira_51.1_m_510_et._1057439830,10.0,   Вчера 15:44  
"2-к квартира, 53.2 м2, 8/10 эт.",4110000,77255.64,53.2,"Горки 5.1 км, Республика Татарстан, Казань, улица Азата Аббасова, 10",https://www.avito.ru/kazan/kvartiry/2-k_kvartira_53.2_m_810_et._1083252825,10.0,   Вчера 23:34  
"2-к квартира, 53.2 м2, 8/10 эт.",4110000,77255.64,53.2,"Горки 5.1 км, Республика Татарстан, Казань, улица Азата Аббасова, 10",https://www.avito.ru/kazan/kvartiry/2-k_kvartira_53.2_m_810_et._1083252825,10.0,   Вчера 23:34  
"2-к квартира, 47 м2, 3/10 эт.",4150000,88297.87,47.0,"Суконная слобода 1.1 км, ул Чехова, 31",https://www.avito.ru/kazan/kvartiry/2-k_kvartira_47_m_310_et._1243771889,10.0,   Вчера 16:48  
"2-к квартира, 66.3 м2, 5/10 эт.",4150000,62594.27,66.3,"Суконная слобода 4.8 км, ул. Академика Губкина, д. 1",https://www.avito.ru/kazan/kvartiry/2-k_kvartira_66.3_m_510_et._1280759315,10.0,   Вчера 14:59  
"2-к квартира, 63 м2, 12/17 эт.",4150000,65873.02,63.0,"Суконная слобода 1.2 км, Павлюхина 128",https://www.avito.ru/kazan/kvartiry/2-k_kvartira_63_m_1217_et._988699228,17.0,   Вчера 12:05  
"2-к квартира, 65 м2, 6/9 эт.",4170000,64153.85,65.0,"Горки 36.1 км, Россия, Республика Татарстан, Казань, проспект Победы 152/33",https://www.avito.ru/kazan/kvartiry/2-k_kvartira_65_m_69_et._1093191336,9.0,   Сегодня 08:12  
"2-к квартира, 65 м2, 6/9 эт.",4170000,64153.85,65.0,"Горки 36.1 км, Россия, Республика Татарстан, Казань, проспект Победы 152/33",https://www.avito.ru/kazan/kvartiry/2-k_kvartira_65_m_69_et._1093191336,9.0,   Сегодня 08:12  
"2-к квартира, 62.4 м2, 10/12 эт.",4180000,66987.18,62.4,"Аметьево 2.4 км, Республика Татарстан, Казань, улица Аделя Кутуя",https://www.avito.ru/kazan/kvartiry/2-k_kvartira_62.4_m_1012_et._1331797770,12.0,   Сегодня 08:15  
"2-к квартира, 62.4 м2, 5/10 эт.",4183480,67042.95,62.4,"Горки 2.3 км, Республика Татарстан, Казань, улица Аделя Кутуя",https://www.avito.ru/kazan/kvartiry/2-k_kvartira_62.4_m_510_et._1587382775,10.0,   Сегодня 08:29  
"2-к квартира, 70 м2, 11/19 эт.",4190000,59857.14,70.0,"Горки 1.3 км, Казань, Республика Татарстан, улица Профессора Камая, 10к2",https://www.avito.ru/kazan/kvartiry/2-k_kvartira_70_m_1119_et._1230801555,19.0,   Сегодня 08:55  
"1-к квартира, 40 м2, 1/9 эт.",4190000,104750.0,40.0,"Площадь Тукая 1.1 км, Республика Татарстан, Казань, улица Нигматуллина, 11",https://www.avito.ru/kazan/kvartiry/1-k_kvartira_40_m_19_et._1679783885,9.0,   Вчера 13:17  
"2-к квартира, 68 м2, 5/10 эт.",4250000,62500.0,68.0,"Суконная слобода 4.7 км, Республика Татарстан, г. Казань, Советский район, ул. Акадмика Губкина",https://www.avito.ru/kazan/kvartiry/2-k_kvartira_68_m_510_et._1326659344,10.0,   Вчера 15:00  
"2-к квартира, 46 м2, 4/9 эт.",4250000,92391.3,46.0,"Горки 3.5 км, Казань, Республика Татарстан, улица Хайдара Бигичева, 13",https://www.avito.ru/kazan/kvartiry/2-k_kvartira_46_m_49_et._1271657818,9.0,   Вчера 13:03  
"2-к квартира, 45 м2, 3/19 эт.",4270000,94888.89,45.0,"Суконная слобода 3.5 км, Республика Татарстан, Казань, Октябрьский городок, с8",https://www.avito.ru/kazan/kvartiry/2-k_kvartira_45_m_319_et._930836106,19.0,   Вчера 11:10  
"2-к квартира, 71.3 м2, 1/5 эт.",4278000,60000.0,71.3,"Горки 1.1 км, Республика Татарстан, Казань, улица Профессора Камая",https://www.avito.ru/kazan/kvartiry/2-k_kvartira_71.3_m_15_et._1126042849,5.0,   Вчера 13:30  
"2-к квартира, 54 м2, 9/10 эт.",4280000,79259.26,54.0,"Горки 5 км, Казань, Республика Татарстан, улица Азата Аббасова, 12",https://www.avito.ru/kazan/kvartiry/2-k_kvartira_54_m_910_et._1250254941,10.0,   Вчера 18:02  
"2-к квартира, 54 м2, 9/10 эт.",4299000,79611.11,54.0,"Суконная слобода 3.9 км, Казань, Республика Татарстан, улица Космонавтов, 51",https://www.avito.ru/kazan/kvartiry/2-k_kvartira_54_m_910_et._1096282439,10.0,   Вчера 09:57  
"2-к квартира, 70 м2, 6/16 эт.",4300000,61428.57,70.0,"Горки 2.5 км, Победы 139 к 2",https://www.avito.ru/kazan/kvartiry/2-k_kvartira_70_m_616_et._1293174313,16.0,   Вчера 17:44  
"1-к квартира, 48 м2, 3/5 эт.",4300000,89583.33,48.0,"Горки 300 м, Казань, Республика Татарстан, улица Рихарда Зорге, 17",https://www.avito.ru/kazan/kvartiry/1-k_kvartira_48_m_35_et._1289948092,5.0,   Вчера 16:36  
"2-к квартира, 53 м2, 4/10 эт.",4300000,81132.08,53.0,"Горки 700 м, ул. Родины, Дом 1",https://www.avito.ru/kazan/kvartiry/2-k_kvartira_53_m_410_et._1402475134,10.0,   Вчера 15:30  
"2-к квартира, 48 м2, 6/9 эт.",4300000,89583.33,48.0,"Горки 3.1 км, Казань, Республика Татарстан, проспект Победы, 138",https://www.avito.ru/kazan/kvartiry/2-k_kvartira_48_m_69_et._1042844411,9.0,   Вчера 15:20  
"1-к квартира, 47.4 м2, 14/19 эт.",4310000,90928.27,47.4,"Суконная слобода 3.1 км, ул. Николая Ершова, д. 62 г",https://www.avito.ru/kazan/kvartiry/1-k_kvartira_47.4_m_1419_et._1416854320,19.0,   Сегодня 09:09  
"2-к квартира, 52 м2, 11/17 эт.",4359600,83838.46,52.0,"Суконная слобода 4.6 км, ул. Чистопольская, ЖК «Столичный»",https://www.avito.ru/kazan/kvartiry/2-k_kvartira_52_m_1117_et._1665539825,17.0,   Вчера 15:18  
"1-к квартира, 48 м2, 8/10 эт.",4390000,91458.33,48.0,"Аметьево 3 км, ЖК 21 век ул. Камалеева дом12",https://www.avito.ru/kazan/kvartiry/1-k_kvartira_48_m_810_et._791631038,10.0,   Сегодня 09:30  
"2-к квартира, 52 м2, 10/19 эт.",4399900,84613.46,52.0,"Суконная слобода 4.6 км, ул Космонавтов 61 г",https://www.avito.ru/kazan/kvartiry/2-k_kvartira_52_m_1019_et._1195822692,19.0,   Вчера 10:33  
"1-к квартира, 46.3 м2, 1/6 эт.",4400000,95032.4,46.3,"Суконная слобода 1.6 км, Казань, Республика Татарстан, улица Лейтенанта Шмидта, 34",https://www.avito.ru/kazan/kvartiry/1-k_kvartira_46.3_m_16_et._1521588901,6.0,   Вчера 16:32  
"2-к квартира, 48 м2, 7/7 эт.",4400000,91666.67,48.0,"Горки 3.7 км, Казань, Республика Татарстан, улица Академика Глушко, 31",https://www.avito.ru/kazan/kvartiry/2-k_kvartira_48_m_77_et._1519777907,7.0,   Вчера 10:28  
"2-к квартира, 64 м2, 5/10 эт.",4410000,68906.25,64.0,"Горки 5 км, Мамадышский тракт улица, стр. 11",https://www.avito.ru/kazan/kvartiry/2-k_kvartira_64_m_510_et._1413551640,10.0,   Вчера 15:18  
"2-к квартира, 63.3 м2, 14/22 эт.",4433100,70033.18,63.3,"Аметьево 2.8 км, ул. Патриса Лумумбы, стр. 6.19",https://www.avito.ru/kazan/kvartiry/2-k_kvartira_63.3_m_1422_et._1039919121,22.0,   Вчера 17:41  
"2-к квартира, 63.3 м2, 14/22 эт.",4433100,70033.18,63.3,"Аметьево 2.8 км, ул. Патриса Лумумбы, стр. 6.19",https://www.avito.ru/kazan/kvartiry/2-k_kvartira_63.3_m_1422_et._1039919121,22.0,   Вчера 17:41  
"1-к квартира, 50 м2, 21/24 эт.",4450000,89000.0,50.0,"Суконная слобода 4.2 км, Сибирский тракт 13",https://www.avito.ru/kazan/kvartiry/1-k_kvartira_50_m_2124_et._1132024026,24.0,   Вчера 15:09  
"2-к квартира, 69 м2, 9/15 эт.",4450000,64492.75,69.0,"Горки 2.5 км, пр. Победы, д. 139, к. 1",https://www.avito.ru/kazan/kvartiry/2-k_kvartira_69_m_915_et._1306670972,15.0,   Вчера 13:24  
"1-к квартира, 47 м2, 7/9 эт.",4500000,95744.68,47.0,"Суконная слобода 4 км, Казань, Республика Татарстан, улица Дружбы, 14",https://www.avito.ru/kazan/kvartiry/1-k_kvartira_47_m_79_et._945200558,9.0,   Вчера 19:03  
"1-к квартира, 47 м2, 7/9 эт.",4500000,95744.68,47.0,"Суконная слобода 4 км, Казань, Республика Татарстан, улица Дружбы, 14",https://www.avito.ru/kazan/kvartiry/1-k_kvartira_47_m_79_et._945200558,9.0,   Вчера 19:03  
"1-к квартира, 49.5 м2, 7/9 эт.",4500000,90909.09,49.5,"Суконная слобода 900 м, Казань, Республика Татарстан, улица Заслонова, 3",https://www.avito.ru/kazan/kvartiry/1-k_kvartira_49.5_m_79_et._977237384,9.0,   Вчера 16:07  
"1-к квартира, 50.9 м2, 7/19 эт.",4520000,88801.57,50.9,"Суконная слобода 3.5 км, ул. Николая Ершова, д. 70 В",https://www.avito.ru/kazan/kvartiry/1-k_kvartira_50.9_m_719_et._1178260445,19.0,   Вчера 23:48  
"2-к квартира, 76.6 м2, 14/19 эт.",4520000,59007.83,76.6,"Суконная слобода, Павлюхина, д. 2.1",https://www.avito.ru/kazan/kvartiry/2-k_kvartira_76.6_m_1419_et._1458192733,19.0,   Вчера 19:47  
"2-к квартира, 63 м2, 6/19 эт.",4550000,72222.22,63.0,"Аметьево 2.7 км, Республика Татарстан, Казань, жилой комплекс Казань XXI Век",https://www.avito.ru/kazan/kvartiry/2-k_kvartira_63_m_619_et._1619989264,19.0,   Вчера 16:56  
"2-к квартира, 63 м2, 6/19 эт.",4550000,72222.22,63.0,"Аметьево 2.7 км, Республика Татарстан, Казань, жилой комплекс Казань XXI Век",https://www.avito.ru/kazan/kvartiry/2-k_kvartira_63_m_619_et._1619989264,19.0,   Вчера 16:56  
"2-к квартира, 74 м2, 7/10 эт.",4600000,62162.16,74.0,"Площадь Тукая 1.2 км, Казань, Республика Татарстан, улица Академика Завойского, 17А",https://www.avito.ru/kazan/kvartiry/2-k_kvartira_74_m_710_et._1675032270,10.0,   Сегодня 08:45  
"2-к квартира, 51 м2, 15/19 эт.",4600000,90196.08,51.0,"Суконная слобода 3.6 км, ул. Патриса Лумумбы, д. 65",https://www.avito.ru/kazan/kvartiry/2-k_kvartira_51_m_1519_et._1502638066,19.0,   Вчера 14:44  
"2-к квартира, 51 м2, 15/19 эт.",4600000,90196.08,51.0,"Суконная слобода 3.6 км, ул. Патриса Лумумбы, д. 65",https://www.avito.ru/kazan/kvartiry/2-k_kvartira_51_m_1519_et._1502638066,19.0,   Вчера 14:44  
"1-к квартира, 45 м2, 2/9 эт.",4600000,102222.22,45.0,"Площадь Тукая 1.3 км, Республика Татарстан, Казань, улица Сибгата Хакима, 33",https://www.avito.ru/kazan/kvartiry/1-k_kvartira_45_m_29_et._1432307193,9.0,   Вчера 09:53  
"2-к квартира, 60 м2, 9/10 эт.",4650000,77500.0,60.0,"Аметьево 4.7 км, Республика Татарстан, Казань, улица Зур Урам, 1К",https://www.avito.ru/kazan/kvartiry/2-k_kvartira_60_m_910_et._1708796933,10.0,   Сегодня 08:28  
"2-к квартира, 54 м2, 6/10 эт.",4670000,86481.48,54.0,"Суконная слобода 2.4 км, Казань, Республика Татарстан, улица Николая Ершова",https://www.avito.ru/kazan/kvartiry/2-k_kvartira_54_m_610_et._1467321016,10.0,   Вчера 15:26  
"2-к квартира, 55 м2, 2/9 эт.",4699000,85436.36,55.0,"Суконная слобода 600 м, Казань, Республика Татарстан, улица Марселя Салимжанова, 17",https://www.avito.ru/kazan/kvartiry/2-k_kvartira_55_m_29_et._1464031894,9.0,   Вчера 12:10  
"2-к квартира, 72 м2, 5/14 эт.",4700000,65277.78,72.0,"Кремлёвская 200 м, г. Казань, рроспект Победы, ул. Баки урманче 10",https://www.avito.ru/kazan/kvartiry/2-k_kvartira_72_m_514_et._1436011593,14.0,   Вчера 21:36  
"2-к квартира, 72 м2, 5/14 эт.",4700000,65277.78,72.0,"Кремлёвская 200 м, г. Казань, рроспект Победы, ул. Баки урманче 10",https://www.avito.ru/kazan/kvartiry/2-k_kvartira_72_m_514_et._1436011593,14.0,   Вчера 21:36  
"2-к квартира, 64 м2, 9/10 эт.",4700000,73437.5,64.0,"Аметьево 1.7 км, ул Толбухина, 13",https://www.avito.ru/kazan/kvartiry/2-k_kvartira_64_m_910_et._827675669,10.0,   Вчера 12:19  
"2-к квартира, 60 м2, 9/10 эт.",4700000,78333.33,60.0,"Горки 200 м, ул. Рихарда Зорге д.13Б",https://www.avito.ru/kazan/kvartiry/2-k_kvartira_60_m_910_et._1449857485,10.0,   Вчера 09:26  
"2-к квартира, 78.7 м2, 3/16 эт.",4722000,60000.0,78.7,"Суконная слобода 1.2 км, Казань, Республика Татарстан, Роторная улица, 27 В, подъезд 4",https://www.avito.ru/kazan/kvartiry/2-k_kvartira_78.7_m_316_et._1436414940,16.0,   Вчера 14:57  
"2-к квартира, 59 м2, 4/19 эт.",4760000,80677.97,59.0,"Горки 4.1 км, Республика Татарстан, Казань, улица Космонавтов, 61 Г",https://www.avito.ru/kazan/kvartiry/2-k_kvartira_59_m_419_et._1537304120,19.0,   Вчера 15:54  
"2-к квартира, 54 м2, 2/10 эт.",4820000,89259.26,54.0,"Площадь Тукая 3.8 км, ул. Николая Ершова/Патриса Лумумбы, жилые дома",https://www.avito.ru/kazan/kvartiry/2-k_kvartira_54_m_210_et._1536265632,10.0,   Сегодня 09:12  
"2-к квартира, 68.8 м2, 5/10 эт.",4869000,70770.35,68.8,"Горки 2 км, Республика Татарстан, Казань, проспект Победы, 90",https://www.avito.ru/kazan/kvartiry/2-k_kvartira_68.8_m_510_et._1659628734,10.0,   Вчера 12:16  
"2-к квартира, 58 м2, 3/9 эт.",4900000,84482.76,58.0,"Площадь Тукая 1.4 км, ул Марселя Салимжанова, 17",https://www.avito.ru/kazan/kvartiry/2-k_kvartira_58_m_39_et._1041237213,9.0,   Сегодня 06:25  
"2-к квартира, 76.1 м2, 3/5 эт.",4900000,64388.96,76.1,"Кремлёвская, Старо-аракчинская 2-я 41 В",https://www.avito.ru/kazan/kvartiry/2-k_kvartira_76.1_m_35_et._1488472234,5.0,   Вчера 14:05  
"2-к квартира, 54 м2, 2/10 эт.",4900000,90740.74,54.0,"Суконная слобода 3.4 км, ул. Николая Ершова, д. 64а, корп. 2",https://www.avito.ru/kazan/kvartiry/2-k_kvartira_54_m_210_et._964766511,10.0,   Вчера 13:27  
"1-к квартира, 64 м2, 3/19 эт.",4935000,77109.38,64.0,"Суконная слобода 3.7 км, ул. Бари Галеева, стр. 1",https://www.avito.ru/kazan/kvartiry/1-k_kvartira_64_m_319_et._1290291540,19.0,   Вчера 17:07  
"1-к квартира, 45 м2, 7/16 эт.",4950000,110000.0,45.0,"Суконная слобода 200 м, Казань, Республика Татарстан, улица Качалова, 76",https://www.avito.ru/kazan/kvartiry/1-k_kvartira_45_m_716_et._1492342714,16.0,   Вчера 13:29  
"2-к квартира, 53 м2, 7/10 эт.",4950000,93396.23,53.0,"Суконная слобода 3.2 км, ул. Николая Ершова/Патриса Лумумбы, жилые дома",https://www.avito.ru/kazan/kvartiry/2-k_kvartira_53_m_710_et._1403420779,10.0,   Вчера 13:19  
"2-к квартира, 63.8 м2, 7/10 эт.",4976000,77993.73,63.8,"Суконная слобода 600 м, Спартаковская улица, 84",https://www.avito.ru/kazan/kvartiry/2-k_kvartira_63.8_m_710_et._1472656440,10.0,   Вчера 10:39  
"2-к квартира, 69.3 м2, 2/10 эт.",5070992,73174.49,69.3,"Проспект Победы 1.7 км, микрорайон Горки-3, Казань, Республика Татарстан, Дубравная улица, 2Д",https://www.avito.ru/kazan/kvartiry/2-k_kvartira_69.3_m_210_et._1019459652,10.0,   Вчера 12:49  
"2-к квартира, 66.7 м2, 13/19 эт.",5080000,76161.92,66.7,"Горки 1.4 км, Республика Татарстан, Казань, улица Профессора Камая, 10к2",https://www.avito.ru/kazan/kvartiry/2-k_kvartira_66.7_m_1319_et._1404208265,19.0,   Вчера 14:13  
"2-к квартира, 50.7 м2, 4/6 эт.",5100000,100591.72,50.7,"Суконная слобода 600 м, Казань, Республика Татарстан, улица Туфана Миннуллина, 10А",https://www.avito.ru/kazan/kvartiry/2-k_kvartira_50.7_m_46_et._1172093709,6.0,   Вчера 23:46  
"1-к квартира, 42 м2, 15/17 эт.",5100000,121428.57,42.0,"Площадь Тукая 1 км, Республика Татарстан, Казань, улица Сибгата Хакима, 44",https://www.avito.ru/kazan/kvartiry/1-k_kvartira_42_m_1517_et._1486540356,17.0,   Вчера 18:26  
"1-к квартира, 42 м2, 15/17 эт.",5100000,121428.57,42.0,"Площадь Тукая 1 км, Республика Татарстан, Казань, улица Сибгата Хакима, 44",https://www.avito.ru/kazan/kvartiry/1-k_kvartira_42_m_1517_et._1486540356,17.0,   Вчера 18:26  
"1-к квартира, 53.3 м2, 5/23 эт.",5116800,96000.0,53.3,"Суконная слобода 500 м, ул. Петербургская, д. 64",https://www.avito.ru/kazan/kvartiry/1-k_kvartira_53.3_m_523_et._1491353364,23.0,   Вчера 18:15  
"1-к квартира, 53.3 м2, 5/23 эт.",5116800,96000.0,53.3,"Суконная слобода 500 м, ул. Петербургская, д. 64",https://www.avito.ru/kazan/kvartiry/1-k_kvartira_53.3_m_523_et._1491353364,23.0,   Вчера 18:15  
"1-к квартира, 42 м2, 3/5 эт.",5200000,123809.52,42.0,"Площадь Тукая 700 м, ул. Островского, д. 86",https://www.avito.ru/kazan/kvartiry/1-k_kvartira_42_m_35_et._1429296582,5.0,   Вчера 16:57  
"1-к квартира, 43 м2, 5/14 эт.",5200000,120930.23,43.0,"Суконная слобода 900 м, ул. Чехова д. 57",https://www.avito.ru/kazan/kvartiry/1-k_kvartira_43_m_514_et._1252038941,14.0,   Вчера 16:26  
"2-к квартира, 80 м2, 8/13 эт.",5290000,66125.0,80.0,"Горки 5.6 км, Казань, Республика Татарстан, улица Натана Рахлина, 3",https://www.avito.ru/kazan/kvartiry/2-k_kvartira_80_m_813_et._1145784155,13.0,   Вчера 14:36  
"2-к квартира, 60.2 м2, 4/18 эт.",5300000,88039.87,60.2,"Горки 2.5 км, Республика Татарстан, Казань, проспект Альберта Камалеева, 34Б",https://www.avito.ru/kazan/kvartiry/2-k_kvartira_60.2_m_418_et._1635892353,18.0,   Вчера 13:24  
"2-к квартира, 70 м2, 7/12 эт.",5300000,75714.29,70.0,"Проспект Победы 1.3 км, Республика Татарстан, Казань, микрорайон Горки-3, Дубравная улица, 41к2",https://www.avito.ru/kazan/kvartiry/2-k_kvartira_70_m_712_et._1392657494,12.0,   Вчера 12:31  
"2-к квартира, 56 м2, 9/10 эт.",5399000,96410.71,56.0,"Площадь Тукая, Николая Ершова 62 В",https://www.avito.ru/kazan/kvartiry/2-k_kvartira_56_m_910_et._1111383711,10.0,   Вчера 15:14  
"2-к квартира, 54 м2, 10/11 эт.",5399000,99981.48,54.0,"Суконная слобода, Николая Ершова 62 В корп 1",https://www.avito.ru/kazan/kvartiry/2-k_kvartira_54_m_1011_et._1538549353,11.0,   Вчера 15:14  
"2-к квартира, 56 м2, 9/10 эт.",5399000,96410.71,56.0,"Площадь Тукая, Николая Ершова 62 В",https://www.avito.ru/kazan/kvartiry/2-k_kvartira_56_m_910_et._1111383711,10.0,   Вчера 15:14  
"2-к квартира, 54 м2, 10/11 эт.",5399000,99981.48,54.0,"Суконная слобода, Николая Ершова 62 В корп 1",https://www.avito.ru/kazan/kvartiry/2-k_kvartira_54_m_1011_et._1538549353,11.0,   Вчера 15:14  
"2-к квартира, 63.8 м2, 8/8 эт.",5400000,84639.5,63.8,"Суконная слобода 2.4 км, Республика Татарстан, Казань, Волочаевская улица",https://www.avito.ru/kazan/kvartiry/2-k_kvartira_63.8_m_88_et._1273395524,8.0,   Вчера 21:58  
"2-к квартира, 63 м2, 18/19 эт.",5439000,86333.33,63.0,"Площадь Тукая, Павлюхина",https://www.avito.ru/kazan/kvartiry/2-k_kvartira_63_m_1819_et._1043134235,19.0,   Вчера 15:11  
"2-к квартира, 63 м2, 18/19 эт.",5439000,86333.33,63.0,"Площадь Тукая, Павлюхина",https://www.avito.ru/kazan/kvartiry/2-k_kvartira_63_m_1819_et._1043134235,19.0,   Вчера 15:11  
"2-к квартира, 68 м2, 5/14 эт.",5599000,82338.24,68.0,"Горки 1.2 км, Республика Татарстан, Казань, улица Профессора Камая, 8",https://www.avito.ru/kazan/kvartiry/2-k_kvartira_68_m_514_et._1429511192,14.0,   Вчера 10:05  
"2-к квартира, 72 м2, 5/9 эт.",5600000,77777.78,72.0,"Проспект Победы 1.4 км, микрорайон Горки-3, Казань, Республика Татарстан, Дубравная улица, 14",https://www.avito.ru/kazan/kvartiry/2-k_kvartira_72_m_59_et._925555884,9.0,   Вчера 12:16  
"1-к квартира, 49.9 м2, 2/6 эт.",5700000,114228.46,49.9,"Суконная слобода, Спартаковская, д. 14",https://www.avito.ru/kazan/kvartiry/1-k_kvartira_49.9_m_26_et._1282828050,6.0,   Вчера 19:59  
"2-к квартира, 46 м2, 5/5 эт.",5700000,123913.04,46.0,"Площадь Тукая 200 м, Республика Татарстан, Казань, Университетская улица, 12/23 В",https://www.avito.ru/kazan/kvartiry/2-k_kvartira_46_m_55_et._1187240661,5.0,   Вчера 11:12  
"2-к квартира, 75 м2, 12/24 эт.",5899000,78653.33,75.0,"Суконная слобода 4.2 км, ул. Сибирский тракт 13",https://www.avito.ru/kazan/kvartiry/2-k_kvartira_75_m_1224_et._1066928999,24.0,   Вчера 09:39  
"2-к квартира, 83 м2, 7/18 эт.",5950000,71686.75,83.0,"Площадь Тукая 600 м, Республика Татарстан, Казань, улица Адоратского, 1Б",https://www.avito.ru/kazan/kvartiry/2-k_kvartira_83_m_718_et._1388153243,18.0,   Вчера 22:04  
"2-к квартира, 83 м2, 7/18 эт.",5950000,71686.75,83.0,"Площадь Тукая 600 м, Республика Татарстан, Казань, улица Адоратского, 1Б",https://www.avito.ru/kazan/kvartiry/2-k_kvartira_83_m_718_et._1388153243,18.0,   Вчера 22:04  
"2-к квартира, 75 м2, 4/10 эт.",5950000,79333.33,75.0,"Суконная слобода, Шаляпина ул, 12",https://www.avito.ru/kazan/kvartiry/2-k_kvartira_75_m_410_et._1442715795,10.0,   Вчера 17:22  
"2-к квартира, 74.2 м2, 6/9 эт.",5990000,80727.76,74.2,"Суконная слобода 300 м, Казань, Республика Татарстан, улица Шаляпина, 12",https://www.avito.ru/kazan/kvartiry/2-k_kvartira_74.2_m_69_et._1156077420,9.0,   Вчера 16:04  
"2-к квартира, 89 м2, 19/23 эт.",5999000,67404.49,89.0,"Суконная слобода 1 км, Казань, Республика Татарстан, улица Павлюхина, 110 В",https://www.avito.ru/kazan/kvartiry/2-k_kvartira_89_m_1923_et._1565434537,23.0,   Вчера 15:54  
"2-к квартира, 70 м2, 7/19 эт.",6100000,87142.86,70.0,"Суконная слобода 3.2 км, ул. Николая Ершова/Патриса Лумумбы, жилые дома",https://www.avito.ru/kazan/kvartiry/2-k_kvartira_70_m_719_et._1203762841,19.0,   Вчера 14:19  
"2-к квартира, 58 м2, 4/5 эт.",6200000,106896.55,58.0,"Площадь Тукая 1.2 км, Республика Татарстан, Казань, улица Сафьян, 6",https://www.avito.ru/kazan/kvartiry/2-k_kvartira_58_m_45_et._1641276315,5.0,   Вчера 15:54  
"2-к квартира, 55 м2, 6/8 эт.",6250000,113636.36,55.0,"Площадь Тукая 4.1 км, пр-кт. Альберта Камалеева д.26/12",https://www.avito.ru/kazan/kvartiry/2-k_kvartira_55_m_68_et._1139360200,8.0,   Вчера 15:25  
"2-к квартира, 74 м2, 8/10 эт.",6315500,85344.59,74.0,"Суконная слобода 600 м, Республика Татарстан, Казань, улица Тихомирнова, 1",https://www.avito.ru/kazan/kvartiry/2-k_kvartira_74_m_810_et._1488506242,10.0,   Вчера 17:17  
"2-к квартира, 82 м2, 12/16 эт.",6450000,78658.54,82.0,"Площадь Тукая 900 м, Республика Татарстан, Казань, Роторная улица, 27 В",https://www.avito.ru/kazan/kvartiry/2-k_kvartira_82_m_1216_et._1602943481,16.0,   Вчера 19:32  
"2-к квартира, 82 м2, 12/16 эт.",6450000,78658.54,82.0,"Площадь Тукая 900 м, Республика Татарстан, Казань, Роторная улица, 27 В",https://www.avito.ru/kazan/kvartiry/2-k_kvartira_82_m_1216_et._1602943481,16.0,   Вчера 19:32  
"2-к квартира, 80 м2, 13/14 эт.",6500000,81250.0,80.0,"Горки 1.1 км, Отрадная, 48",https://www.avito.ru/kazan/kvartiry/2-k_kvartira_80_m_1314_et._1283488934,14.0,   Сегодня 08:06  
"2-к квартира, 66 м2, 13/19 эт.",6500000,98484.85,66.0,"Суконная слобода 4.4 км, Республика Татарстан, Казань, Сибирский тракт, 23Б",https://www.avito.ru/kazan/kvartiry/2-k_kvartira_66_m_1319_et._1641266940,19.0,   Вчера 16:50  
"2-к квартира, 68 м2, 24/25 эт.",6500000,95588.24,68.0,"Площадь Тукая 500 м, Щербаковский пер., д. 7",https://www.avito.ru/kazan/kvartiry/2-k_kvartira_68_m_2425_et._706995171,25.0,   Вчера 13:45  
"2-к квартира, 70 м2, 21/22 эт.",6600000,94285.71,70.0,"Аметьево 1 км, Казань, Республика Татарстан, Гвардейская улица, 59А",https://www.avito.ru/kazan/kvartiry/2-k_kvartira_70_m_2122_et._1104976132,22.0,   Вчера 19:53  
"2-к квартира, 56 м2, 6/12 эт.",6600000,117857.14,56.0,"Площадь Тукая 1 км, Республика Татарстан, Казань, Чистопольская улица, 36",https://www.avito.ru/kazan/kvartiry/2-k_kvartira_56_m_612_et._1662546981,12.0,   Вчера 17:29  
"1-к квартира, 69 м2, 14/22 эт.",6630000,96086.96,69.0,"Площадь Тукая 500 м, Щербаковский пер., д. 7",https://www.avito.ru/kazan/kvartiry/1-k_kvartira_69_m_1422_et._937592293,22.0,   Вчера 17:09  
"2-к квартира, 71 м2, 3/10 эт.",6670000,93943.66,71.0,"Суконная слобода, Николая Ершова улица, 62 В",https://www.avito.ru/kazan/kvartiry/2-k_kvartira_71_m_310_et._1415446255,10.0,   Вчера 13:19  
"2-к квартира, 70 м2, 6/6 эт.",6700000,95714.29,70.0,"Площадь Тукая 500 м, Казань, Республика Татарстан, улица Зайни Султана, 8",https://www.avito.ru/kazan/kvartiry/2-k_kvartira_70_m_66_et._1666245415,6.0,   Вчера 12:36  
"2-к квартира, 77.8 м2, 4/19 эт.",6710000,86246.79,77.8,"Суконная слобода 3.5 км, ул. Николая Ершова, д. 70 В",https://www.avito.ru/kazan/kvartiry/2-k_kvartira_77.8_m_419_et._1606151635,19.0,   Вчера 23:33  
"1-к квартира, 65.1 м2, 4/5 эт.",6835500,105000.0,65.1,"Площадь Тукая 600 м, ул Татарстан 14",https://www.avito.ru/kazan/kvartiry/1-k_kvartira_65.1_m_45_et._1043127576,5.0,   Вчера 12:46  
"2-к квартира, 74 м2, 1/4 эт.",6990000,94459.46,74.0,"Кремлёвская, Баумана, 26",https://www.avito.ru/kazan/kvartiry/2-k_kvartira_74_m_14_et._1059952561,4.0,   Вчера 20:09  
"2-к квартира, 67.4 м2, 2/5 эт.",6999000,103842.73,67.4,"Площадь Тукая 600 м, Республика Татарстан, Казань, улица Николая Столбова",https://www.avito.ru/kazan/kvartiry/2-k_kvartira_67.4_m_25_et._1395172100,5.0,   Вчера 11:16  
"2-к квартира, 86 м2, 6/6 эт.",7099000,82546.51,86.0,"Площадь Тукая, Фатыха Карима 20",https://www.avito.ru/kazan/kvartiry/2-k_kvartira_86_m_66_et._1116051849,6.0,   Вчера 17:42  
"2-к квартира, 86 м2, 6/6 эт.",7099000,82546.51,86.0,"Площадь Тукая, Фатыха Карима 20",https://www.avito.ru/kazan/kvartiry/2-k_kvartira_86_m_66_et._1116051849,6.0,   Вчера 17:42  
"2-к квартира, 67 м2, 5/9 эт.",7300000,108955.22,67.0,"Суконная слобода 1.4 км, ул. Достоевского 66/17",https://www.avito.ru/kazan/kvartiry/2-k_kvartira_67_m_59_et._862353048,9.0,   Вчера 17:18  
"2-к квартира, 65 м2, 11/17 эт.",7500000,115384.62,65.0,"Площадь Тукая 900 м, Казань, Республика Татарстан, улица Сибгата Хакима, 7",https://www.avito.ru/kazan/kvartiry/2-k_kvartira_65_m_1117_et._1339311447,17.0,   Вчера 16:49  
"2-к квартира, 129 м2, 16/35 эт.",7600000,58914.73,129.0,"Суконная слобода, Альберта Камалеева пр-кт, 1",https://www.avito.ru/kazan/kvartiry/2-k_kvartira_129_m_1635_et._884308481,35.0,   Вчера 14:43  
"2-к квартира, 65 м2, 18/22 эт.",7600000,116923.08,65.0,"Суконная слобода 1 км, ул. Павлюхина 110 В",https://www.avito.ru/kazan/kvartiry/2-k_kvartira_65_m_1822_et._802839304,22.0,   Вчера 12:12  
"2-к квартира, 70 м2, 4/12 эт.",7670000,109571.43,70.0,"Суконная слобода 500 м, Казань, Республика Татарстан, улица Павлюхина, 37",https://www.avito.ru/kazan/kvartiry/2-k_kvartira_70_m_412_et._1369367088,12.0,   Вчера 15:54  
"2-к квартира, 79.1 м2, 6/18 эт.",7672700,97000.0,79.1,"Суконная слобода 500 м, ул. Петербургская, д. 64",https://www.avito.ru/kazan/kvartiry/2-k_kvartira_79.1_m_618_et._1006330032,18.0,   Вчера 17:30  
"2-к квартира, 65 м2, 9/10 эт.",7800000,120000.0,65.0,"Аметьево 900 м, Казань, Республика Татарстан, Спартаковская улица, 88Б",https://www.avito.ru/kazan/kvartiry/2-k_kvartira_65_m_910_et._1584787593,10.0,   Вчера 15:20  
"2-к квартира, 80 м2, 5/10 эт.",7900000,98750.0,80.0,"Суконная слобода 2.9 км, ул Курская, 27",https://www.avito.ru/kazan/kvartiry/2-k_kvartira_80_m_510_et._828978108,10.0,   Вчера 09:46  
"1-к квартира, 42 м2, 4/5 эт.",7990000,190238.1,42.0,"Кремлёвская, Дзержинского ул, 6",https://www.avito.ru/kazan/kvartiry/1-k_kvartira_42_m_45_et._1310780605,5.0,   Вчера 13:10  
"1-к квартира, 57.2 м2, 3/5 эт.",8850000,154720.28,57.2,"Суконная слобода, Волкова, д.7/29",https://www.avito.ru/kazan/kvartiry/1-k_kvartira_57.2_m_35_et._1631170861,5.0,   Вчера 13:44  
"2-к квартира, 56 м2, 3/6 эт.",9100000,162500.0,56.0,"Проспект Победы 1.7 км, микрорайон Горки-3, Казань, Республика Татарстан, Дубравная улица, 2Д",https://www.avito.ru/kazan/kvartiry/2-k_kvartira_56_m_36_et._1245736084,6.0,   Вчера 16:48  
"1-к квартира, 53 м2, 17/23 эт.",9150000,172641.51,53.0,"Суконная слобода 500 м, Казань, Республика Татарстан, Петербургская улица, 64",https://www.avito.ru/kazan/kvartiry/1-k_kvartira_53_m_1723_et._1511864775,23.0,   Вчера 17:16  
"1-к квартира, 53 м2, 17/23 эт.",9150000,172641.51,53.0,"Суконная слобода 500 м, Казань, Республика Татарстан, Петербургская улица, 64",https://www.avito.ru/kazan/kvartiry/1-k_kvartira_53_m_1723_et._1511864775,23.0,   Вчера 17:16  
"2-к квартира, 123 м2, 17/37 эт.",9200000,74796.75,123.0,"Суконная слобода 3.1 км, Казань, Республика Татарстан, проспект Альберта Камалеева, 1",https://www.avito.ru/kazan/kvartiry/2-k_kvartira_123_m_1737_et._1586058382,37.0,   Вчера 14:03  
"2-к квартира, 103 м2, 9/10 эт.",10550000,102427.18,103.0,"Площадь Тукая 900 м, Республика Татарстан, Казань, улица Курашова, 20",https://www.avito.ru/kazan/kvartiry/2-k_kvartira_103_m_910_et._1456092575,10.0,   Вчера 17:44  
"2-к квартира, 90 м2, 17/17 эт.",10800000,120000.0,90.0,"Суконная слобода 200 м, Казань, Республика Татарстан, улица Петербургская, 65а",https://www.avito.ru/kazan/kvartiry/2-k_kvartira_90_m_1717_et._1064677314,17.0,   Сегодня 09:03  
